apple pan the 10801 w. pico blvd. west la 310-475-3585 american 
arnie morton's of chicago 435 s. la cienega blvd. los angeles 310-246-1501 steakhouses 
art's deli 12224 ventura blvd. studio city 818-762-1221 delis 
asahi ramen 2027 sawtelle blvd. west la 310-479-2231 noodle shops 
baja fresh 3345 kimber dr. westlake village 805-498-4049 mexican 
bel-air hotel 701 stone canyon rd. bel air 310-472-1211 californian 
belvedere the 9882 little santa monica blvd. beverly hills 310-788-2306 pacific new wave 
benita's frites 1433 third st. promenade santa monica 310-458-2889 fast food 
bernard's 515 s. olive st. los angeles 213-612-1580 continental 
bistro 45 45 s. mentor ave. pasadena 818-795-2478 californian 
brent's deli 19565 parthenia ave. northridge 818-886-5679 delis 
brighton coffee shop 9600 brighton way beverly hills 310-276-7732 coffee shops 
bristol farms market cafe 1570 rosecrans ave. s. pasadena 310-643-5229 californian 
bruno's 3838 centinela ave. mar vista 310-397-5703 italian 
cafe '50s 838 lincoln blvd. venice 310-399-1955 american 
cafe bizou 14016 ventura blvd. sherman oaks 818-788-3536 french bistro 
cafe blanc 9777 little santa monica blvd. beverly hills 310-888-0108 pacific new wave 
campanile 624 s. la brea ave. los angeles 213-938-1447 californian 
cassell's 3266 w. sixth st. la 213-480-8668 hamburgers 
chez melange 1716 pch redondo beach 310-540-1222 eclectic 
chinois on main 2709 main st. santa monica 310-392-9025 pacific new wave 
citrus 6703 melrose ave. los angeles 213-857-0034 californian 
diaghilev 1020 n. san vicente blvd. w. hollywood 310-854-1111 russian 
don antonio's 1136 westwood blvd. westwood 310-209-1422 italian 
duke's 8909 sunset blvd. w. hollywood 310-652-3100 coffee shops 
falafel king 1059 broxton ave. westwood 310-208-4444 middle eastern 
feast from the east 1949 westwood blvd. west la 310-475-0400 chinese 
fenix at the argyle 8358 sunset blvd. w. hollywood 213-848-6677 french (new) 
granita 23725 w. malibu rd. malibu 310-456-0488 californian 
grill the 9560 dayton way beverly hills 310-276-0615 american (traditional) 
gumbo pot the 6333 w. third st. la 213-933-0358 cajun/creole 
hollywood hills coffee shop 6145 franklin ave. hollywood 213-467-7678 coffee shops 
indo cafe 10428 1/2 national blvd. la 310-815-1290 indonesian 
jan's family restaurant 8424 beverly blvd. la 213-651-2866 coffee shops 
jiraffe 502 santa monica blvd. santa monica 310-917-6671 californian 
jody maroni's sausage kingdom 2011 ocean front walk venice 310-306-1995 hot dogs 
joe's 1023 abbot kinney blvd. venice 310-399-5811 american (new) 
john o'groats 10516 w. pico blvd. west la 310-204-0692 coffee shops 
johnnie's pastrami 4017 s. sepulveda blvd. culver city 310-397-6654 delis 
johnny reb's southern smokehouse 4663 long beach blvd. long beach 310-423-7327 southern/soul 
johnny rockets (la) 7507 melrose ave. la 213-651-3361 american 
katsu 1972 hillhurst ave. los feliz 213-665-1891 japanese 
killer shrimp 4000 colfax ave. studio city 818-508-1570 seafood 
kokomo cafe 6333 w. third st. la 213-933-0773 american 
koo koo roo 8393 w. beverly blvd. la 213-655-9045 chicken 
l'orangerie 903 n. la cienega blvd. w. hollywood 310-652-9770 french (classic) 
la cachette 10506 little santa monica blvd. century city 310-470-4992 french (new) 
la salsa (la) 22800 pch malibu 310-456-6299 mexican 
la serenata de garibaldi 1842 e. first st. boyle hts. 213-265-2887 mexican/tex-mex 
langer's 704 s. alvarado st. la 213-483-8050 delis 
le chardonnay (los angeles) 8284 melrose ave. los angeles 213-655-8880 french bistro 
local nochol 30869 thousand oaks blvd. westlake village 818-706-7706 health food 
locanda veneta 8638 w. third st. los angeles 310-274-1893 italian 
main course the 10509 w. pico blvd. rancho park 310-475-7564 american 
mani's bakery & espresso bar 519 s. fairfax ave. la 213-938-8800 desserts 
martha's 22nd street grill 25 22nd st. hermosa beach 310-376-7786 american 
matsuhisa 129 n. la cienega blvd. beverly hills 310-659-9639 seafood 
maxwell's cafe 13329 washington blvd. marina del rey 310-306-7829 american 
michael's (los angeles) 1147 third st. santa monica 310-451-0843 californian 
mishima 8474 w. third st. la 213-782-0181 noodle shops 
mo better meatty meat 7261 melrose ave. la 213-935-5280 hamburgers 
mulberry st. 17040 ventura blvd. encino 818-906-8881 pizza 
ocean park cafe 3117 ocean park blvd. santa monica 310-452-5728 american 
ocean star 145 n. atlantic blvd. monterey park 818-308-2128 seafood 
original pantry bakery 875 s. figueroa st. downtown la 213-627-6879 diners 
palm the (los angeles) 9001 santa monica blvd. w. hollywood 310-550-8811 steakhouses 
parkway grill 510 s. arroyo pkwy. pasadena 818-795-1001 californian 
patina 5955 melrose ave. los angeles 213-467-1108 californian 
philippe the original 1001 n. alameda st. chinatown 213-628-3781 cafeterias 
pho hoa 642 broadway chinatown 213-626-5530 vietnamese 
pink's famous chili dogs 709 n. la brea ave. la 213-931-4223 hot dogs 
pinot bistro 12969 ventura blvd. studio city 818-990-0500 french bistro 
poquito mas 2635 w. olive ave. burbank 818-563-2252 mexican 
r-23 923 e. third st. los angeles 213-687-7178 japanese 
rae's 2901 pico blvd. santa monica 310-828-7937 diners 
rex il ristorante 617 s. olive st. los angeles 213-627-2300 nuova cucina italian 
rubin's red hots 15322 ventura blvd. encino 818-905-6515 hot dogs 
ruby's (la) 45 s. fair oaks ave. pasadena 818-796-7829 diners 
russell's burgers 1198 pch seal beach 310-596-9556 hamburgers 
ruth's chris steak house (los angeles) 224 s. beverly dr. beverly hills 310-859-8744 steakhouses 
shiro 1505 mission st. s. pasadena 818-799-4774 pacific new wave 
spago (los angeles) 8795 sunset blvd. w. hollywood 310-652-4025 californian 
sushi nozawa 11288 ventura blvd. studio city 818-508-7017 japanese 
sweet lady jane 8360 melrose ave. la 213-653-7145 desserts 
taiko 11677 san vicente blvd. brentwood 310-207-7782 noodle shops 
tommy's 2575 beverly blvd. la 213-389-9060 hamburgers 
uncle bill's pancake house 1305 highland ave. manhattan beach 310-545-5177 diners 
valentino 3115 pico blvd. santa monica 310-829-4313 italian 
water grill 544 s. grand ave. los angeles 213-891-0900 seafood 
yujean kang's 67 n. raymond ave. pasadena 818-585-0855 chinese 
zankou chicken 1415 e. colorado st. glendale 818-244-1937 middle eastern 
21 club 21 w. 52nd st. new york city 212-582-7200 american (new) 
afghan kebab house 764 ninth ave. new york city 212-307-1612 afghan 
aquavit 13 w. 54th st. new york city 212-307-7311 scandinavian 
arcadia 21 e. 62nd st. new york city 212-223-2900 american (new) 
aureole 34 e. 61st st. new york city 212-319-1660 american (new) 
benny's burritos 93 ave. a new york city 212-254-2054 mexican 
cafe con leche 424 amsterdam ave. new york city 212-595-7000 cuban 
cafe lalo 201 w. 83rd st. new york city 212-496-6031 coffeehouses 
cafe des artistes 1 w. 67th st. new york city 212-877-3500 french (classic) 
carmine's 2450 broadway new york city 212-362-2200 italian 
carnegie deli 854 seventh ave. new york city 212-757-2245 delis 
chanterelle 2 harrison st. new york city 212-966-6960 french (new) 
corner bistro 331 w. fourth st. new york city 212-242-9502 hamburgers 
cucina della fontana 368 bleecker st. new york city 212-242-0636 italian 
cucina di pesce 87 e. fourth st. new york city 212-260-6800 seafood 
daniel 20 e. 76th st. new york city 212-288-0033 french (new) 
darbar 44 w. 56th st. new york city 212-432-7227 indian 
dawat 210 e. 58th st. new york city 212-355-7555 indian 
ej's luncheonette 432 sixth ave. new york city 212-473-5555 diners 
edison cafe 228 w. 47th st. new york city 212-840-5000 diners 
elias corner 24-02 31st st. queens 718-932-1510 greek 
felidia 243 e. 58th st. new york city 212-758-1479 italian 
four seasons 99 e. 52nd st. new york city 212-754-9494 american (new) 
good enough to eat 483 amsterdam ave. new york city 212-496-0163 american 
gotham bar & grill 12 e. 12th st. new york city 212-620-4020 american (new) 
gramercy tavern 42 e. 20th st. new york city 212-477-0777 american (new) 
gray's papaya 2090 broadway new york city 212-799-0243 hot dogs 
il mulino 86 w. third st. new york city 212-673-3783 italian 
island spice 402 w. 44th st. new york city 212-765-1737 caribbean 
jackson diner 37-03 74th st. queens 718-672-1232 indian 
jo jo 160 e. 64th st. new york city 212-223-5656 french bistro 
joe's shanghai 9 pell st. queens 718-539-3838 chinese 
john's pizzeria 48 w. 65th st. new york city 212-721-7001 pizza 
kelley & ping 127 greene st. new york city 212-228-1212 pan-asian 
kiev 117 second ave. new york city 212-674-4040 ukrainian 
kuruma zushi 2nd fl. new york city 212-317-2802 japanese 
la caravelle 33 w. 55th st. new york city 212-586-4252 french (classic) 
la caridad 2199 broadway new york city 212-874-2780 cuban 
la cote basque 60 w. 55th st. new york city 212-688-6525 french (classic) 
la grenouille 3 e. 52nd st. new york city 212-752-1495 french (classic) 
le bernardin 155 w. 51st st. new york city 212-489-1515 seafood 
lemongrass grill 61a seventh ave. brooklyn 718-399-7100 thai 
les celebrites 155 w. 58th st. new york city 212-484-5113 french (classic) 
lespinasse (new york city) 2 e. 55th st. new york city 212-339-6719 asian 
lombardi's 32 spring st. new york city 212-941-7994 pizza 
lutece 249 e. 50th st. new york city 212-752-2225 french (classic) 
manhattan ocean club 57 w. 58th st. new york city 212-371-7777 seafood 
march 405 e. 58th st. new york city 212-754-6272 american (new) 
marnie's noodle shop 466 hudson st. new york city 212-741-3214 asian 
menchanko-tei 39 w. 55th st. new york city 212-247-1585 japanese 
mesa grill 102 fifth ave. new york city 212-807-7400 southwestern 
mi cocina 57 jane st. new york city 212-627-8273 mexican 
mitali east-west 296 bleecker st. new york city 212-989-1367 indian 
monsoon (ny) 435 amsterdam ave. new york city 212-580-8686 thai 
montrachet 239 w. broadway new york city 212-219-2777 french bistro 
moustache 405 atlantic ave. brooklyn 718-852-5555 middle eastern 
nobu 105 hudson st. new york city 212-219-0500 japanese 
oceana 55 e. 54th st. new york city 212-759-5941 seafood 
one if by land tibs 17 barrow st. new york city 212-228-0822 continental 
oyster bar lower level new york city 212-490-6650 seafood 
palm 837 second ave. new york city 212-687-2953 steakhouses 
palm too 840 second ave. new york city 212-697-5198 steakhouses 
park avenue cafe (new york city) 100 e. 63rd st. new york city 212-644-1900 american (new) 
patsy's pizza 19 old fulton st. brooklyn 718-858-4300 pizza 
peter luger steak house 178 broadway brooklyn 718-387-7400 steakhouses 
petrossian 182 w. 58th st. new york city 212-245-2214 russian 
picholine 35 w. 64th st. new york city 212-724-8585 mediterranean 
pisces 95 ave. a new york city 212-260-6660 seafood 
rainbow room 30 rockefeller plaza new york city 212-632-5000 american (new) 
river cafe 1 water st. brooklyn 718-522-5200 american (new) 
rose of india 308 e. sixth st. new york city 212-533-5011 indian 
sam's noodle shop 411 third ave. new york city 212-213-2288 chinese 
san domenico 240 central park s. new york city 212-265-5959 italian 
sarabeth's 1295 madison ave. new york city 212-410-7335 american 
second avenue deli 156 second ave. new york city 212-677-0606 delis 
seryna 11 e. 53rd st. new york city 212-980-9393 japanese 
shun lee palace 155 e. 55th st. new york city 212-371-8844 chinese 
sign of the dove 1110 third ave. new york city 212-861-8080 american (new) 
smith & wollensky 797 third ave. new york city 212-753-1530 steakhouses 
sparks steak house 210 e. 46th st. new york city 212-687-4855 steakhouses 
stick to your ribs 5-16 51st ave. queens 718-937-3030 bbq 
sushisay 38 e. 51st st. new york city 212-755-1780 japanese 
sylvia's 328 lenox ave. new york city 212-996-0660 southern/soul 
szechuan hunan cottage 1588 york ave. new york city 212-535-5223 chinese 
szechuan kitchen 1460 first ave. new york city 212-249-4615 chinese 
tavern on the green central park west new york city 212-873-3200 american (new) 
teresa's 80 montague st. queens 718-520-2910 polish 
thai house cafe 151 hudson st. new york city 212-334-1085 thai 
thailand restaurant 106 bayard st. new york city 212-349-3132 thai 
uncle nick's 747 ninth ave. new york city 212-245-7992 greek 
union square cafe 21 e. 16th st. new york city 212-243-4020 american (new) 
veselka 144 second ave. new york city 212-228-9682 ukrainian 
virgil's real bbq 152 w. 44th st. new york city 212-921-9494 bbq 
westside cottage 689 ninth ave. new york city 212-245-0800 chinese 
windows on the world 107th fl. new york city 212-524-7000 eclectic 
wollensky's grill 205 e. 49th st. new york city 212-753-0444 steakhouses 
yama 122 e. 17th st. new york city 212-475-0969 japanese 
zarela 953 second ave. new york city 212-644-6740 mexican 
andre's french restaurant 401 s. 6th st. las vegas 702-385-5016 french (classic) 
buccaneer bay club 3300 las vegas blvd. s. las vegas 702-894-7350 continental 
buzio's in the rio 3700 w. flamingo rd. las vegas 702-252-7697 seafood 
chin's 3200 las vegas blvd. s. las vegas 702-733-8899 chinese 
coyote cafe (las vegas) 3799 las vegas blvd. s. las vegas 702-891-7349 southwestern 
emeril's new orleans fish house 3799 las vegas blvd. s. las vegas 702-891-7374 seafood 
fiore rotisserie & grille 3700 w. flamingo rd. las vegas 702-252-7702 italian 
hugo's cellar 202 e. fremont st. las vegas 702-385-4011 continental 
le montrachet bistro 3000 paradise rd. las vegas 702-732-5651 french bistro 
madame ching's 3300 las vegas blvd. s. las vegas 702-894-7111 asian 
mayflower cuisinier 4750 w. sahara ave. las vegas 702-870-8432 chinese 
michael's (las vegas) 3595 las vegas blvd. s. las vegas 702-737-7111 continental 
monte carlo 3145 las vegas blvd. s. las vegas 702-733-4524 french (new) 
moongate 3400 las vegas blvd. s. las vegas 702-791-7352 chinese 
morton's of chicago (las vegas) 3200 las vegas blvd. s. las vegas 702-893-0703 steakhouses 
nicky blair's 3925 paradise rd. las vegas 702-792-9900 italian 
palace court 3570 las vegas blvd. s. las vegas 702-731-7110 french (new) 
piero's restaurant 355 convention center dr. las vegas 702-369-2305 italian 
second street grill 200 e. fremont st. las vegas 702-385-6277 pacific rim 
spago (las vegas) 3500 las vegas blvd. s. las vegas 702-369-6300 californian 
steak house the 2880 las vegas blvd. s. las vegas 702-734-0410 steakhouses 
steakhouse the 128 e. fremont st. las vegas 702-382-1600 steakhouses 
stefano's 129 fremont st. las vegas 702-385-7111 italian 
sterling brunch 3645 las vegas blvd. s. las vegas 702-739-4651 eclectic 
tillerman the 2245 e. flamingo rd. las vegas 702-731-4036 steakhouses 
tre visi 3799 las vegas blvd. s. las vegas 702-891-7331 italian 
103 west 103 w. paces ferry rd. atlanta 404-233-5993 continental 
abruzzi 2355 peachtree rd. ne atlanta 404-261-8186 italian 
alon's at the terrace 659 peachtree st. atlanta 404-724-0444 sandwiches 
bacchanalia 3125 piedmont rd. atlanta 404-365-0410 californian 
baker's cajun cafe 1134 euclid ave. atlanta 404-223-5039 cajun/creole 
barbecue kitchen 1437 virginia ave. atlanta 404-766-9906 bbq 
bistro the 56 e. andrews dr. nw atlanta 404-231-5733 french bistro 
bobby & june's kountry kitchen 375 14th st. atlanta 404-876-3872 southern/soul 
bone's restaurant 3130 piedmont rd. ne atlanta 404-237-2663 steakhouses 
bradshaw's restaurant 2911 s. pharr court atlanta 404-261-7015 southern/soul 
brasserie le coze 3393 peachtree rd. atlanta 404-266-1440 french bistro 
brookhaven cafe 4274 peachtree rd. atlanta 404-231-5907 vegetarian 
buckhead diner 3073 piedmont rd. atlanta 404-262-3336 american (new) 
cafe sunflower 5975 roswell rd. atlanta 404-256-1675 health food 
canoe 4199 paces ferry rd. atlanta 770-432-2663 american (new) 
carey's 1021 cobb pkwy. se marietta 770-422-8042 hamburgers 
carey's corner 1215 powers ferry rd. marietta 770-933-0909 hamburgers 
chops 70 w. paces ferry rd. atlanta 404-262-2675 steakhouses 
chopstix 4279 roswell rd. atlanta 404-255-4868 chinese 
ciboulette restaurant 1529 piedmont ave. atlanta 404-874-7600 french (new) 
deacon burton's soulfood restaurant 1029 edgewood ave. se atlanta404-523-1929 southern/soul 
delectables 1 margaret mitchell sq. atlanta 404-681-2909 cafeterias 
eats 600 ponce de leon ave. atlanta 404-888-9149 italian 
flying biscuit the 1655 mclendon ave. atlanta 404-687-8888 eclectic 
frijoleros 1031 peachtree st. ne atlanta 404-892-8226 tex-mex 
georgia grille 2290 peachtree rd. atlanta 404-352-3517 southwestern 
greenwood's 1087 green st. roswell 770-992-5383 southern/soul 
harold's barbecue 171 mcdonough blvd. atlanta 404-627-9268 bbq 
havana sandwich shop 2905 buford hwy. atlanta 404-636-4094 cuban 
hedgerose heights inn the 490 e. paces ferry rd. ne atlanta 404-233-7673continental 
heera of india 595 piedmont ave. atlanta 404-876-4408 indian 
house of chan 2469 cobb pkwy. smyrna 770-955-9444 chinese 
indian delights 3675 satellite blvd. duluth 100-813-8212 indian 
indigo coastal grill 1397 n. highland ave. atlanta 404-876-0676 eclectic 
java jive 790 ponce de leon ave. atlanta 404-876-6161 coffee shops 
johnny rockets (at) 2970 cobb pkwy. atlanta 770-955-6068 american 
kalo's coffee house 1248 clairmont rd. decatur 404-325-3733 coffeehouses 
la fonda latina 4427 roswell rd. atlanta 404-303-8201 spanish 
la grotta 2637 peachtree rd. ne atlanta 404-231-1368 italian 
lettuce souprise you (at) 3525 mall blvd. duluth 770-418-9969 cafeterias 
majestic 1031 ponce de leon ave. atlanta 404-875-0276 diners 
mary mac's tea room 224 ponce de leon ave. atlanta 404-876-1800 southern/soul 
morton's of chicago (atlanta) 303 peachtree st. ne atlanta 404-577-4366 steakhouses 
my thai 1248 clairmont rd. atlanta 404-636-4280 thai 
nava 3060 peachtree rd. atlanta 404-240-1984 southwestern 
nikolai's roof 255 courtland st. atlanta 404-221-6362 continental 
nuevo laredo cantina 1495 chattahoochee ave. nw atlanta 404-352-9009 mexican 
original pancake house (at) 4330 peachtree rd. atlanta 404-237-4116 american 
palm the (atlanta) 3391 peachtree rd. ne atlanta 404-814-1955 steakhouses 
pano's & paul's 1232 w. paces ferry rd. atlanta 404-261-3662 american (new) 
rainbow restaurant 2118 n. decatur rd. decatur 404-633-3538 vegetarian 
ritz-carlton cafe (atlanta) 181 peachtree st. atlanta 404-659-0400 american (new) 
ritz-carlton cafe (buckhead) 3434 peachtree rd. ne atlanta 404-237-2700 american (new) 
ritz-carlton dining room (buckhead) 3434 peachtree rd. ne atlanta 404-237-2700 american (new) 
ritz-carlton restaurant 181 peachtree st. atlanta 404-659-0400 french (classic) 
riviera 519 e. paces ferry rd. atlanta 404-262-7112 mediterranean 
silver skillet the 200 14th st. nw atlanta 404-874-1388 coffee shops 
soto 3330 piedmont rd. atlanta 404-233-2005 japanese 
thelma's kitchen 764 marietta st. nw atlanta 404-688-5855 cafeterias 
tortillas 774 ponce de leon ave. ne atlanta 404-892-0193 tex-mex 
toulouse 293-b peachtree rd. atlanta 404-351-9533 french (new) 
van gogh's restaurant & bar 70 w. crossville rd. roswell 770-993-1156 american (new) 
veggieland 220 sandy springs circle atlanta 404-231-3111 vegetarian 
veni vidi vici 41 14th st. atlanta 404-875-8424 italian 
white house restaurant 3172 peachtree rd. ne atlanta 404-237-7601 diners 
zab-e-lee 4837 old national hwy. college park 404-768-2705 thai 
alain rondelli 126 clement st. san francisco 415-387-0408 french (new) 
aqua 252 california st. san francisco 415-956-9662 american (new) 
bill's place 2315 clement st. san francisco 415-221-5262 hamburgers 
boulevard 1 mission st. san francisco 415-543-6084 american (new) 
cafe claude 7 claude ln. san francisco 415-392-3505 french bistro 
cafe flore 2298 market st. san francisco 415-621-8579 californian 
caffe greco 423 columbus ave. san francisco 415-397-6261 continental 
campo santo 240 columbus ave. san francisco 415-433-9623 mexican 
campton place 340 stockton st. san francisco 415-955-5555 american (new) 
cha cha cha's 1805 haight st. san francisco 415-386-5758 caribbean 
chez michel 804 north point st. san francisco 415-775-7036 californian 
doidge's 2217 union st. san francisco 415-921-2149 american 
dottie's true blue cafe 522 jones st. san francisco 415-885-2767 diners 
dusit thai 3221 mission st. san francisco 415-826-4639 thai 
ebisu 1283 ninth ave. san francisco 415-566-1770 japanese 
emerald garden restaurant 1550 california st. san francisco 415-673-1155 vietnamese 
eric's chinese restaurant 1500 church st. san francisco 415-282-0919 chinese 
fleur de lys 777 sutter st. san francisco 415-673-7779 french (new) 
fringale 570 fourth st. san francisco 415-543-0573 french bistro 
hamburger mary's 1582 folsom st. san francisco 415-626-1985 hamburgers 
hawthorne lane 22 hawthorne st. san francisco 415-777-9779 californian 
kelly's on trinity 333 bush st. san francisco 415-362-4454 californian 
khan toke thai house 5937 geary blvd. san francisco 415-668-6654 thai 
la cumbre 515 valencia st. san francisco 415-863-8205 mexican 
la folie 2316 polk st. san francisco 415-776-5577 french (new) 
la mediterranee 288 noe st. san francisco 415-431-7210 mediterranean 
la taqueria 2889 mission st. san francisco 415-285-7117 mexican 
lulu restaurant-bis-cafe 816 folsom st. san francisco 415-495-5775 mediterranean 
mario's bohemian cigar store cafe 2209 polk st. san francisco 415-776-8226 italian 
marnee thai 2225 irving st. san francisco 415-665-9500 thai 
masa's 648 bush st. san francisco 415-989-7154 french (new) 
mel's drive-in 3355 geary st. san francisco 415-387-2244 hamburgers 
mifune 1737 post st. san francisco 415-922-0337 japanese 
mo's burgers 1322 grant st. san francisco 415-788-3779 hamburgers 
phnom penh cambodian restaurant 631 larkin st. san francisco 415-775-5979 cambodian 
plumpjack cafe 3127 fillmore st. san francisco 415-563-4755 american (new) 
postrio 545 post st. san francisco 415-776-7825 californian 
ritz-carlton dining room (san francisco) 600 stockton st. san francisco 415-296-7465 french (new) 
roosevelt tamale parlor 2817 24th st. san francisco 415-550-9213 mexican 
rose pistola 532 columbus ave. san francisco 415-399-0499 italian 
sally's cafe & bakery 300 de haro st. san francisco 415-626-6006 american 
san francisco bbq 1328 18th st. san francisco 415-431-8956 thai 
slanted door 584 valencia st. san francisco 415-861-8032 vietnamese 
swan oyster depot 1517 polk st. san francisco 415-673-1101 seafood 
thep phanom 400 waller st. san francisco 415-431-2526 thai 
ti couz 3108 16th st. san francisco 415-252-7373 french 
trio cafe 1870 fillmore st. san francisco 415-563-2248 american 
tu lan 8 sixth st. san francisco 415-626-0927 vietnamese 
vicolo pizzeria 201 ivy st. san francisco 415-863-2382 pizza 
wa-ha-ka oaxaca mexican grill 2141 polk st. san francisco 415-775-1055 mexican 
